email,name,attributes
user_0001@mail.com,"User","{ ""isTemp"": true }"
user_0002@mail.com,"User","{ ""isTemp"": true }"
user_0003@mail.com,"User","{ ""isTemp"": true }"
user_0004@mail.com,"User","{ ""isTemp"": true }"
user_0005@mail.com,"User","{ ""isTemp"": true }"
user_0006@mail.com,"User","{ ""isTemp"": true }"
user_0007@mail.com,"User","{ ""isTemp"": true }"
user_0008@mail.com,"User","{ ""isTemp"": true }"
user_0009@mail.com,"User","{ ""isTemp"": true }"
user_0010@mail.com,"User","{ ""isTemp"": true }"
user_0011@mail.com,"User","{ ""isTemp"": true }"
user_0012@mail.com,"User","{ ""isTemp"": true }"
user_0013@mail.com,"User","{ ""isTemp"": true }"
user_0014@mail.com,"User","{ ""isTemp"": true }"
user_0015@mail.com,"User","{ ""isTemp"": true }"
user_0016@mail.com,"User","{ ""isTemp"": true }"
user_0017@mail.com,"User","{ ""isTemp"": true }"
user_0018@mail.com,"User","{ ""isTemp"": true }"
user_0019@mail.com,"User","{ ""isTemp"": true }"
user_0020@mail.com,"User","{ ""isTemp"": true }"
user_0021@mail.com,"User","{ ""isTemp"": true }"
user_0022@mail.com,"User","{ ""isTemp"": true }"
user_0023@mail.com,"User","{ ""isTemp"": true }"
user_0024@mail.com,"User","{ ""isTemp"": true }"
user_0025@mail.com,"User","{ ""isTemp"": true }"
user_0026@mail.com,"User","{ ""isTemp"": true }"
user_0027@mail.com,"User","{ ""isTemp"": true }"
user_0028@mail.com,"User","{ ""isTemp"": true }"
user_0029@mail.com,"User","{ ""isTemp"": true }"
user_0030@mail.com,"User","{ ""isTemp"": true }"
user_0031@mail.com,"User","{ ""isTemp"": true }"
user_0032@mail.com,"User","{ ""isTemp"": true }"
user_0033@mail.com,"User","{ ""isTemp"": true }"
user_0034@mail.com,"User","{ ""isTemp"": true }"
user_0035@mail.com,"User","{ ""isTemp"": true }"
user_0036@mail.com,"User","{ ""isTemp"": true }"
user_0037@mail.com,"User","{ ""isTemp"": true }"
user_0038@mail.com,"User","{ ""isTemp"": true }"
user_0039@mail.com,"User","{ ""isTemp"": true }"
user_0040@mail.com,"User","{ ""isTemp"": true }"
user_0041@mail.com,"User","{ ""isTemp"": true }"
user_0042@mail.com,"User","{ ""isTemp"": true }"
user_0043@mail.com,"User","{ ""isTemp"": true }"
user_0044@mail.com,"User","{ ""isTemp"": true }"
user_0045@mail.com,"User","{ ""isTemp"": true }"
user_0046@mail.com,"User","{ ""isTemp"": true }"
user_0047@mail.com,"User","{ ""isTemp"": true }"
user_0048@mail.com,"User","{ ""isTemp"": true }"
user_0049@mail.com,"User","{ ""isTemp"": true }"
user_0050@mail.com,"User","{ ""isTemp"": true }"
user_0051@mail.com,"User","{ ""isTemp"": true }"
user_0052@mail.com,"User","{ ""isTemp"": true }"
user_0053@mail.com,"User","{ ""isTemp"": true }"
user_0054@mail.com,"User","{ ""isTemp"": true }"
user_0055@mail.com,"User","{ ""isTemp"": true }"
user_0056@mail.com,"User","{ ""isTemp"": true }"
user_0057@mail.com,"User","{ ""isTemp"": true }"
user_0058@mail.com,"User","{ ""isTemp"": true }"
user_0059@mail.com,"User","{ ""isTemp"": true }"
user_0060@mail.com,"User","{ ""isTemp"": true }"
user_0061@mail.com,"User","{ ""isTemp"": true }"
user_0062@mail.com,"User","{ ""isTemp"": true }"
user_0063@mail.com,"User","{ ""isTemp"": true }"
user_0064@mail.com,"User","{ ""isTemp"": true }"
user_0065@mail.com,"User","{ ""isTemp"": true }"
user_0066@mail.com,"User","{ ""isTemp"": true }"
user_0067@mail.com,"User","{ ""isTemp"": true }"
user_0068@mail.com,"User","{ ""isTemp"": true }"
user_0069@mail.com,"User","{ ""isTemp"": true }"
user_0070@mail.com,"User","{ ""isTemp"": true }"
user_0071@mail.com,"User","{ ""isTemp"": true }"
user_0072@mail.com,"User","{ ""isTemp"": true }"
user_0073@mail.com,"User","{ ""isTemp"": true }"
user_0074@mail.com,"User","{ ""isTemp"": true }"
user_0075@mail.com,"User","{ ""isTemp"": true }"
user_0076@mail.com,"User","{ ""isTemp"": true }"
user_0077@mail.com,"User","{ ""isTemp"": true }"
user_0078@mail.com,"User","{ ""isTemp"": true }"
user_0079@mail.com,"User","{ ""isTemp"": true }"
user_0080@mail.com,"User","{ ""isTemp"": true }"
user_0081@mail.com,"User","{ ""isTemp"": true }"
user_0082@mail.com,"User","{ ""isTemp"": true }"
user_0083@mail.com,"User","{ ""isTemp"": true }"
user_0084@mail.com,"User","{ ""isTemp"": true }"
user_0085@mail.com,"User","{ ""isTemp"": true }"
user_0086@mail.com,"User","{ ""isTemp"": true }"
user_0087@mail.com,"User","{ ""isTemp"": true }"
user_0088@mail.com,"User","{ ""isTemp"": true }"
user_0089@mail.com,"User","{ ""isTemp"": true }"
user_0090@mail.com,"User","{ ""isTemp"": true }"
user_0091@mail.com,"User","{ ""isTemp"": true }"
user_0092@mail.com,"User","{ ""isTemp"": true }"
user_0093@mail.com,"User","{ ""isTemp"": true }"
user_0094@mail.com,"User","{ ""isTemp"": true }"
user_0095@mail.com,"User","{ ""isTemp"": true }"
user_0096@mail.com,"User","{ ""isTemp"": true }"
user_0097@mail.com,"User","{ ""isTemp"": true }"
user_0098@mail.com,"User","{ ""isTemp"": true }"
user_0099@mail.com,"User","{ ""isTemp"": true }"
user_0100@mail.com,"User","{ ""isTemp"": true }"
user_0101@mail.com,"User","{ ""isTemp"": true }"
user_0102@mail.com,"User","{ ""isTemp"": true }"
user_0103@mail.com,"User","{ ""isTemp"": true }"
user_0104@mail.com,"User","{ ""isTemp"": true }"
user_0105@mail.com,"User","{ ""isTemp"": true }"
user_0106@mail.com,"User","{ ""isTemp"": true }"
user_0107@mail.com,"User","{ ""isTemp"": true }"
user_0108@mail.com,"User","{ ""isTemp"": true }"
user_0109@mail.com,"User","{ ""isTemp"": true }"
user_0110@mail.com,"User","{ ""isTemp"": true }"
user_0111@mail.com,"User","{ ""isTemp"": true }"
user_0112@mail.com,"User","{ ""isTemp"": true }"
user_0113@mail.com,"User","{ ""isTemp"": true }"
user_0114@mail.com,"User","{ ""isTemp"": true }"
user_0115@mail.com,"User","{ ""isTemp"": true }"
user_0116@mail.com,"User","{ ""isTemp"": true }"
user_0117@mail.com,"User","{ ""isTemp"": true }"
user_0118@mail.com,"User","{ ""isTemp"": true }"
user_0119@mail.com,"User","{ ""isTemp"": true }"
user_0120@mail.com,"User","{ ""isTemp"": true }"
user_0121@mail.com,"User","{ ""isTemp"": true }"
user_0122@mail.com,"User","{ ""isTemp"": true }"
user_0123@mail.com,"User","{ ""isTemp"": true }"
user_0124@mail.com,"User","{ ""isTemp"": true }"
user_0125@mail.com,"User","{ ""isTemp"": true }"
user_0126@mail.com,"User","{ ""isTemp"": true }"
user_0127@mail.com,"User","{ ""isTemp"": true }"
user_0128@mail.com,"User","{ ""isTemp"": true }"
user_0129@mail.com,"User","{ ""isTemp"": true }"
user_0130@mail.com,"User","{ ""isTemp"": true }"
user_0131@mail.com,"User","{ ""isTemp"": true }"
user_0132@mail.com,"User","{ ""isTemp"": true }"
user_0133@mail.com,"User","{ ""isTemp"": true }"
user_0134@mail.com,"User","{ ""isTemp"": true }"
user_0135@mail.com,"User","{ ""isTemp"": true }"
user_0136@mail.com,"User","{ ""isTemp"": true }"
user_0137@mail.com,"User","{ ""isTemp"": true }"
user_0138@mail.com,"User","{ ""isTemp"": true }"
user_0139@mail.com,"User","{ ""isTemp"": true }"
user_0140@mail.com,"User","{ ""isTemp"": true }"
user_0141@mail.com,"User","{ ""isTemp"": true }"
user_0142@mail.com,"User","{ ""isTemp"": true }"
user_0143@mail.com,"User","{ ""isTemp"": true }"
user_0144@mail.com,"User","{ ""isTemp"": true }"
user_0145@mail.com,"User","{ ""isTemp"": true }"
user_0146@mail.com,"User","{ ""isTemp"": true }"
user_0147@mail.com,"User","{ ""isTemp"": true }"
user_0148@mail.com,"User","{ ""isTemp"": true }"
user_0149@mail.com,"User","{ ""isTemp"": true }"
user_0150@mail.com,"User","{ ""isTemp"": true }"
user_0151@mail.com,"User","{ ""isTemp"": true }"
user_0152@mail.com,"User","{ ""isTemp"": true }"
user_0153@mail.com,"User","{ ""isTemp"": true }"
user_0154@mail.com,"User","{ ""isTemp"": true }"
user_0155@mail.com,"User","{ ""isTemp"": true }"
user_0156@mail.com,"User","{ ""isTemp"": true }"
user_0157@mail.com,"User","{ ""isTemp"": true }"
user_0158@mail.com,"User","{ ""isTemp"": true }"
user_0159@mail.com,"User","{ ""isTemp"": true }"
user_0160@mail.com,"User","{ ""isTemp"": true }"
user_0161@mail.com,"User","{ ""isTemp"": true }"
user_0162@mail.com,"User","{ ""isTemp"": true }"
user_0163@mail.com,"User","{ ""isTemp"": true }"
user_0164@mail.com,"User","{ ""isTemp"": true }"
user_0165@mail.com,"User","{ ""isTemp"": true }"
user_0166@mail.com,"User","{ ""isTemp"": true }"
user_0167@mail.com,"User","{ ""isTemp"": true }"
user_0168@mail.com,"User","{ ""isTemp"": true }"
user_0169@mail.com,"User","{ ""isTemp"": true }"
user_0170@mail.com,"User","{ ""isTemp"": true }"
user_0171@mail.com,"User","{ ""isTemp"": true }"
user_0172@mail.com,"User","{ ""isTemp"": true }"
user_0173@mail.com,"User","{ ""isTemp"": true }"
user_0174@mail.com,"User","{ ""isTemp"": true }"
user_0175@mail.com,"User","{ ""isTemp"": true }"
user_0176@mail.com,"User","{ ""isTemp"": true }"
user_0177@mail.com,"User","{ ""isTemp"": true }"
user_0178@mail.com,"User","{ ""isTemp"": true }"
user_0179@mail.com,"User","{ ""isTemp"": true }"
user_0180@mail.com,"User","{ ""isTemp"": true }"
user_0181@mail.com,"User","{ ""isTemp"": true }"
user_0182@mail.com,"User","{ ""isTemp"": true }"
user_0183@mail.com,"User","{ ""isTemp"": true }"
user_0184@mail.com,"User","{ ""isTemp"": true }"
user_0185@mail.com,"User","{ ""isTemp"": true }"
user_0186@mail.com,"User","{ ""isTemp"": true }"
user_0187@mail.com,"User","{ ""isTemp"": true }"
user_0188@mail.com,"User","{ ""isTemp"": true }"
user_0189@mail.com,"User","{ ""isTemp"": true }"
user_0190@mail.com,"User","{ ""isTemp"": true }"
user_0191@mail.com,"User","{ ""isTemp"": true }"
user_0192@mail.com,"User","{ ""isTemp"": true }"
user_0193@mail.com,"User","{ ""isTemp"": true }"
user_0194@mail.com,"User","{ ""isTemp"": true }"
user_0195@mail.com,"User","{ ""isTemp"": true }"
user_0196@mail.com,"User","{ ""isTemp"": true }"
user_0197@mail.com,"User","{ ""isTemp"": true }"
user_0198@mail.com,"User","{ ""isTemp"": true }"
user_0199@mail.com,"User","{ ""isTemp"": true }"
user_0200@mail.com,"User","{ ""isTemp"": true }"
user_0201@mail.com,"User","{ ""isTemp"": true }"
user_0202@mail.com,"User","{ ""isTemp"": true }"
user_0203@mail.com,"User","{ ""isTemp"": true }"
user_0204@mail.com,"User","{ ""isTemp"": true }"
user_0205@mail.com,"User","{ ""isTemp"": true }"
user_0206@mail.com,"User","{ ""isTemp"": true }"
user_0207@mail.com,"User","{ ""isTemp"": true }"
user_0208@mail.com,"User","{ ""isTemp"": true }"
user_0209@mail.com,"User","{ ""isTemp"": true }"
user_0210@mail.com,"User","{ ""isTemp"": true }"
user_0211@mail.com,"User","{ ""isTemp"": true }"
user_0212@mail.com,"User","{ ""isTemp"": true }"
user_0213@mail.com,"User","{ ""isTemp"": true }"
user_0214@mail.com,"User","{ ""isTemp"": true }"
user_0215@mail.com,"User","{ ""isTemp"": true }"
user_0216@mail.com,"User","{ ""isTemp"": true }"
user_0217@mail.com,"User","{ ""isTemp"": true }"
user_0218@mail.com,"User","{ ""isTemp"": true }"
user_0219@mail.com,"User","{ ""isTemp"": true }"
user_0220@mail.com,"User","{ ""isTemp"": true }"
user_0221@mail.com,"User","{ ""isTemp"": true }"
user_0222@mail.com,"User","{ ""isTemp"": true }"
user_0223@mail.com,"User","{ ""isTemp"": true }"
user_0224@mail.com,"User","{ ""isTemp"": true }"
user_0225@mail.com,"User","{ ""isTemp"": true }"
user_0226@mail.com,"User","{ ""isTemp"": true }"
user_0227@mail.com,"User","{ ""isTemp"": true }"
user_0228@mail.com,"User","{ ""isTemp"": true }"
user_0229@mail.com,"User","{ ""isTemp"": true }"
user_0230@mail.com,"User","{ ""isTemp"": true }"
user_0231@mail.com,"User","{ ""isTemp"": true }"
